id,name,read,pattern,sequence,feature_type
BL_A3,CMO301,R2,5P(BC),ATGAGGAATTCCTGC,Antibody Capture
BL_A4,CMO302,R2,5P(BC),CATGCCAATAGAGCG,Antibody Capture
BL_B3,CMO303,R2,5P(BC),CCGTCGTCCAAGCAT,Antibody Capture
BL_B4,CMO304,R2,5P(BC),AACGTTAATCACTCA,Antibody Capture
LU_A3,CMO305,R2,5P(BC),CGCGATATGGTCGGA,Antibody Capture
LU_A4,CMO306,R2,5P(BC),AAGATGAGGTCTGTG,Antibody Capture
LU_B3,CMO307,R2,5P(BC),AAGCTCGTTGGAAGA,Antibody Capture
LU_B4,CMO308,R2,5P(BC),CGGATTCCACATCAT,Antibody Capture
NM_A3,CMO309,R2,5P(BC),GTTGATCTATAACAG,Antibody Capture
NM_A4,CMO310,R2,5P(BC),GCAGGAGGTATCAAT,Antibody Capture
NM_B4,CMO312,R2,5P(BC),ACATGGTCAACGCTG,Antibody Capture
